Code,Name,Type,Industry,ListingDate,Description,CreateTime,UpdateTime
300376,ST易事特,A股,电源设备,2014-01-27,"高压快充: 2023年02月17日回复称公司充电桩设备包含便携式充电机、交流充电桩及直流充电桩,其中直流充电桩即高压直流快充桩,公司提供从30KW至360KW甚至480KW不同功率段产品适配客户的多样化需求,该类产品可快速,有效的部署充电网络,为电动汽车提供大功率快速充电服务。; 储能: 2020年年报显示公司在储能领域基于掌握的微电网关键核心技术,已研制开发出了全系列储能变流器产品、双向直流变换器产品、储能电站能量管理系统等核心关键产品。; 碳化硅: 2021年6月16日回复称公司参与投资东莞市南方半导体公司,主要承担应用技术开发,公司承担了2019年广东省科技厅第三代半导体重大专项中SiC功率器件应用技术研发及产业化课题,公司将在第三代半导体领域持续深入的进行研发和应用工作,公司计划新增第三代半导体模组生产线切入第三代半导体功率模组研发制造产业,为原有高端电子装备产品升级换代提供核心支撑。; 磁悬浮概念: 2020年6月23日回复称公司在磁悬浮轨道交通项目中主要提供地面控制电源系统,EA890\EA990等UPS应用于磁悬浮轨道交通建设中的通信、信号、综合监控、自动售检票等系统中。; 虚拟电厂: 2021年1月5日回复称公司在虚拟电厂方面技术储备比较成熟,已有在南方电网成功实施的案例。; 第三代半导体: 2020年7月2日回复称公司现主要负责第三代半导体碳化硅、氮化镓功率器件的应用技术研发工作,就第三代半导体本身没有直接进行研发工作。; 数据中心: 2020年2月26日公司在互动平台称:公司目前数据中心业务主要是围绕高端电源设备的生产制造并开展集成建设业务,数据中心运营业务作为公司业务发展方向之一正在逐步进行开展。; 特高压: 2020年5月22日回复称公司目前在特高压领域有高压变电站电源设备系列产品。; 半导体概念: 2021年6月16日回复称公司参与投资东莞市南方半导体公司,主要承担应用技术开发,公司承担了2019年广东省科技厅第三代半导体重大专项中SiC功率器件应用技术研发及产业化课题。; 氮化镓: 2020年4月3日回复称公司作为国家第三代半导体产业技术基地第二大股东及推动产业创新技术发展的核心成员单位,现主要负责碳化硅、氮化镓功率器件的应用技术研发工作。公司已经研发出基于碳化硅、氮化镓器件的高效DC/AC, 双向DC/DC新产品。; ETC: 2020年1月19日回复称公司为ETC门架系统提供供电保障系统的设计、生产、施工及维护的全方位服务,2019年参与了多个省份项目的ETC升级改造项目。; 垃圾分类: 2020年3月23日回复称公司在垃圾回收分类业务上公司提供智能垃圾分类回收设备以及全套解决方案。; 边缘计算: 2019年年报显示公司推出了产品易事特“模方”MC2000系列之一EasyCubei9,针对性解决了微型智能边缘计算设备能源管理问题。; 华为概念: 2020年5月22日回复称华为作为国际知名的通讯设备及终端制造商,公司业务与其互有兼容互补,双方保持了良好的业务合作。; 军民融合: 2019年6月4日公告,公司近日收到广东省国家保密局、广东省国防科学技术工业办公室颁发的《武器装备科研生产单位二级保密资格证书》。军工保密资格认证是进入军工产品领域,成为军工产品研发和生产的必要前提条件。; 新能源车: 2020年3月11日回复称公司在新能源汽车充电桩领域有全系列各种规格及功率产品,满足市场所有新能源汽车充电需求,公司除销售充电桩设备以外,也参与充电站运营提供充电服务。; 5G概念: 2019年4月15日回复称公司在电力物联网领域应用了无线通信网络,积极准备5G通信在用户侧推广应用解决方案。; 充电桩: 2020年半年报显示公司主要产品有:UPS、IDC微模块、高压直流电源、通讯电源、电力电源、逆变器、充电桩、换电柜、PCS、锂电池系列、精密空调、智能配电等。; 特斯拉: 2024年5月23日回复称公司的充电桩产品通过特斯拉合格供应商资格审查并进行了样品送样测试及相关技术对接，但截至目前尚未批量供货。; 大数据: 2016年8月24日公告,公司(乙方)近日与广州诚云信息科技有限公司(简称“诚云信息”,甲方)签署了《旗锐数据中心合作协议》。甲方授权乙方作为位于广州市萝岗区科学城南翔二路旗锐科技园区旗锐数据中心项目(简称“数据中心”)的投资主体,按照甲方的要求建设,并在建成后有条件移交给甲方,甲方以分期支付设备设施和工程款的方式收购相应设备设施及工程的所有权,合同金额预计约2.6亿元。此数据中心项目建筑面积2.3万平方米,初步建设规模为3000个机柜,最终数量按照机房设计图纸为准。; 智慧城市: 2020年4月20日回复称公司为智慧政务、智慧医疗、智慧教育等智慧城市硬件设施以及云计算中心、数据中心提供供电产品及系统解决方案,保障相关设施稳定运行。; 风能: 公司储能产品可用于风能相关领域。; 太阳能: 2020年半年报显示公司持有运营已实现并网的地面光伏电站23个(545.66MW),分布式光伏项目40个(143.44MW),装机容量总规模约为689.1MW。; 云计算: 2024年5月10日回复称公司的高端电源装备及数据中心产品作为数字经济的基础设施，承载了数字经济运转的基本功能，是人工智能、云计算、区块链等应用运行不可或缺的底层支持。; 锂电池: 2021年1月5日回复称公司与宁德时代合资成立新能源储能公司,该合资公司主要从事锂电池的包装、封装和装配业务。; 军工: 据2023-02-01互动平台回复，公司主要从事5G+智慧电源（UPS/EPS高端电源、5G基站电源、轨道交通电源、军工电源）、大数据（云计算/边缘计算数据中心、IT 基础设施）、智慧能源（光伏逆变器、风能变流器及发电系统、锂电池及储能系统、充电桩模块及系统、充换电设备、微电网和智能配电网）三大战略板块业务的研发、生产与销售服务",2025-04-29 20:14:29,2025-04-29 20:14:29
300091,金通灵,A股,通用设备,2010-06-25,"发电机概念: 2021年8月3日回复称公司涉及军工产品是公司子泰州锋陵特种电站装备有限公司的柴油发电机组。; 储能: 2022年2月18日回复称在空气储能方面,公司拥有压缩空气储能技术及产品;热储能方面,公司拥有利用传统能源谷电和余热、弃光、弃风方面的技术,相关示范项目已在正常运行过程中;电蓄冷储能方面,公司拥有电储冷流态冰专利技术,实施的多个示范项目已投产运行。; 工业气体: 2020年半年报显示全资子公司威远金通灵气体有限公司主营业务为供应高压空气、销售;离心空气压缩机配件、风系统技术服务。; 氢能源: 17日公告与黑龙江省安达市人民政府等签订了《安达市2×1亿立方生物质天然气提氢项目合作协议》。; 乡村振兴: 与中投中财基金计划在东北三省、河北等地共同建设不超过20个农业生态产业园项目,每个项目预计投资人民币5亿元,公司的持股比例为15%。; 军民融合: 公司优化整合军工事业部,通过研发燃气轮机移动发电车等产品,开拓高端流体机械产品的军工市场。未来,实现公司产品军用、民用共同发展的模式。; 无人机: 2014年7月,公司拟以自有资金出资550万元(占55%)与自然人李冰、林峰共同出资设立子公司金通灵航空,开拓无人机及其动力系统市场。李冰、林峰掌握一定的小型涡喷发动机及高亚音速无人机设计制造技术,并致力于向更高端先进的无人机领域拓展并使之产业化。 2015年4月底公司公告称,已完成30公斤级推力涡喷发动机的研发和设计,并将试投产10台套样机,零部件正在加工过程中。公司小型涡喷发动机无人机正在排队进行军方试飞,预计年内将完成此项工作。; 央国企改革: 公司的实际控制人为南通市人民政府国有资产监督管理委员会。; 燃料电池: 斥资4.5亿元投资燃料电池空气压缩机和氢能备用电源的研发制造,并投资建设运营加氢站、生物制氢项目、压缩空气站等。; 太阳能: 2021年12月13日回复称公司拥有太阳能光热发电岛系统集成技术并参与了北京兆阳太阳能光热发电岛系统项目的建设,该项目于2017年7月在华强兆阳“张家口一号15MW太阳能热电站”常规岛冲转试发电成功。; 节能环保: 2018年公司完成对上海运能能源科技有限公司并购重组工作,主要承担国内余热发电等节能环保工程相关业务。; 新能源: 2016年9月7日午间公告称,9月6日,公司与汉华环境有限公司签订了《大名县草根新能源热电有限公司生物质(2×12MW)热电联产项目框架性合作协议》, 合同总金额暂定为3.2亿元。公司以先进的高效汽轮机技术和系统集成技术,承接大名县草根新能源热电有限公司生物质热电联产发电项目,采用总承包的方式提供设计、设备采购和工程建设服务。; 军工: 2021年8月3日回复称公司子公司泰州锋陵特种电站装备有限公司拥有军工资质。",2025-04-29 20:14:29,2025-04-29 20:14:29
300647,超频三,A股,消费电子,2017-05-03,"AI手机: 2024年2月23日回复称,目前,公司主要从事锂电池正极材料、电子产品新型散热器件、LED产业链相关领域业务,其中散热领域主要产品包括消费电子散热配件、LED照明散热组件等,主要用于CPU、显卡等机箱内热源的散热及LED照明灯具的散热。; 动力电池回收: 2022年6月28日回复称公司控股子公司个旧圣比和实业有限公司拥有“废旧锂离子电池材料综合回收利用→前驱体/碳酸锂→正极材料”完整产业链技术,其主要产品包括三元材料、钴酸锂、锰酸锂等正极材料及前驱体。; 5G概念: 2020年4月30日回复称公司产品已广泛应用于LED照明、消费电子两大领域,并逐渐向5G移动设备及通讯基站散热、智慧城市项目建设、新能源汽车热管理等领域拓展延伸。; 超导概念: 2017年半年报显示子公司深圳市凯强热传科技有限公司主要业务性质为超导热传导散热材料散热器热管、散热模块模组LED灯散热器组件的研究开发、生产加工及销售。; 智慧城市: 2018年9月6日公告,公司拟与湖北省荆门市人民政府签署LED环保节能智慧城市项目投资合同书,在荆门高新区,掇刀区投资建设LED环保节能智慧城市项目,项目一期投资预计3亿元。; LED: 公司目前主要产品包括LED照明散热组件及PC散热配件,其中LED照明散热组件是公司未来业务增长的重点产品。; 锂电池: 2020年4月10日回复称个旧圣比和实业有限公司为公司参股公司,其主要产品有三元材料、钴酸锂、锰酸锂、磷酸铁锂等正极材料及钛酸锂负极材料。; 深圳特区: 公司注册地址位于深圳市龙岗区龙城街道黄阁坑社区腾飞路9号创投大厦3602。",2025-04-29 20:14:29,2025-04-29 20:14:29
603070,万控智造,A股,电网设备,2022-03-10,,2025-04-29 20:14:29,2025-04-29 20:14:29
301099,雅创电子,A股,贸易行业,2021-11-22,"人形机器人: 2025年2月25日回复称,公司及子公司在2024年度已启动人形机器人领域的部署工作,包括成立Robot 事业部、组建专业高效的团队,拜访相关客户及送样、引入新产品线等工作,持续为公司在人形机器人领域的发展注入新动力。; 低空经济: 2024年3月29日回复称,公司的产品可以应用至飞行汽车,目前,公司在飞行器上的灯具应用,如LED和电容类产品现已处于送样阶段,公司将积极拓展推进该领域业务的合作,争取更多的产品应用场景或项目合作机会。; 飞行汽车(eVTOL): 2024年3月29日回复称,公司的产品可以应用至飞行汽车,目前,公司在飞行器上的灯具应用,如LED和电容类产品现已处于送样阶段,公司将积极拓展推进该领域业务的合作,争取更多的产品应用场景或项目合作机会。; 小米汽车: 2023年10月18日回复称,公司与小米汽车间接开展业务合作,现处于小批阶段。; 存储芯片: 2023年04月13日回复称公司主要代理NANYA和TOSHIBA的存储芯片,公司的产品与数字经济的存储芯片的区别在于应用领域不同,公司的存储器主要应用汽车电子领域。; 汽车芯片: 2021年11月23日回复称公司已有汽车电子芯片的设计业务。; 百度概念: 2024年7月16日回复称,公司代理分销产品和自研IC产品间接供应百度汽车,已经实现批量出货。; 车联网(车路云): 2024年6月18日回复称,公司在车联网的业务布局如下:在智能座舱领域内,可以为客户提供系统级软硬件解决方案、4G模块、汽车蓝牙数字钥匙方案等;在汽车照明领域内,公司的ECU团队可以为汽车前大灯、尾灯、氛围灯、智慧交互屏等提供支持OTA在线升级的应用解决方案;在自动驾驶领域内,公司分销的产品包括的摄像头、陀螺仪、激光雷达等均可应用其中。; 新能源车: 2021年11月23日回复称公司的部分产品在新能源汽车及燃油车均有应用。; 国产芯片: 2021年11月23日回复称公司已经有自研电源管理芯片,已实现批量销售。; 无人驾驶: 2023年6月21日回复称公司在陀螺仪产品重点推广领域是汽车电子稳定系统(ESC)、自动驾驶高精度定位系统、空气悬架系统、安全气囊系统。已和国内几家线控底盘制动在批量交货4轴陀螺仪。在自动驾驶、辅助驾驶领域,向客户小批量交货用于高精度定位的6轴陀螺仪。; 人工智能: 2023年3月6日回复称公司在人工智能领域内主要产品为人工智能语音识别产品,主要应用在智能家居、汽车智能座舱领域内。",2025-04-29 20:14:29,2025-04-29 20:14:29
301018,申菱环境,A股,专用设备,2021-07-07,"液冷概念: 公开信息显示数据中心液冷作为未来低碳数据中心的重要技术方向,公司研发在持续进行技术研究和方案迭代;一方面研发团队持续投入底层液冷技术基础研究,进一步夯实技术平台积累;另一方面,与多个重点战略客户在液冷方案上的合作定制开发项目,均在有序合作开发中。; 空气能热泵: 2022年7月27日回复称公司拟设立热储合资公司,决定布局空气能热泵采暖领域,结合太阳能利用及储能技术,结合欧洲新的能源变革,为欧洲市场乃至全球客户提供光储热一体解决方案。; 东数西算: 2022年2月26日回复称东数西算是国家重要算力产业政策,其核心载体数据中心的温控业务是公司最大业务板块。; 抽水蓄能: 2021年8月5日回复称公司有面向多种储能技术的产品应用,主要包括抽水蓄能,蓄冷蓄热,电化学储能等,随着双碳战略推进。; 储能: 2021年8月3日回复称公司储能相关产品主要应用于:抽水蓄能项目专用空调设备,电化学储能系统散热设备。; 华为概念: 2021年6月30日招股书显示公司数据中心和机房业务的主要销售对象包括华为。; 特斯拉: 2021年10月26日回复称公司产品有服务于特斯拉上海超级工厂。; 核能核电: 2021年6月30日招股书显示个产品核电抗震型风冷冷水机:符合三代核电安全标准的抗震型设备,通过中央制冷系统为第三代核电厂房核心区域提供冷源。; 节能环保: 2021年6月30日招股书显示申菱环境系一家以人工环境调节、污染治理、能源利用为服务方向,致力于为数据服务产业环境、工业工艺产研环境、专业特种应用环境、公共建筑室内环境等应用场景提供人工环境调控整体解决方案的现代化企业。; 军工: 2021年7月9日回复称公司拥有承接相关军工业务的资质证书,曾多次获军队科技进步奖项。",2025-04-29 20:14:29,2025-04-29 20:14:29
600285,羚锐制药,A股,中药,2000-10-18,"中药概念: 公司是国家火炬计划重点高新技术企业。拥有橡胶膏剂、片剂、胶囊剂、颗粒剂、酊剂等十大剂型百余种产品,其中包括通络祛痛膏(骨质增生-贴灵)、培元通脑胶囊、丹鹿通督片、胃疼宁片、参芪降糖胶囊等独家拥有知识产权的产品及国家中药保护品种和国家医保药品。",2025-04-29 20:14:29,2025-04-29 20:14:29
000999,华润三九,A股,中药,2000-03-09,"创新药: 2022年6月15日回复称公司非常重视研发创新工作,围绕主要业务领域,新品立项数量持续增加,研发投入强度也持续增长。CHC在核心领域开展新品立项,同时关注数字化、线上、老龄化新需求带来的市场机会。处方药强化核心领域管线规划和新品立项。在中医药传承创新发展方面,主要围绕创新中药、经典名方、院内制剂开展工作。公司坚持仿创结合,仿制药立项数量多,创新药投入强度大。; 化妆品概念: 2021年4月29日回复称公司999维柔滋养保湿精华乳等产品。; 流感: 深耕感冒等OTC业务,拥有999”感冒药,复方感冒灵颗粒等知名品牌; 维生素: 2021年4月13日回复称公司“999今维多”品牌下包含维生素、矿物质等系列膳食营养补充剂,如维生素C咀嚼片、B族维生素片等。; 央国企改革: 最终控制人国务院国有资产监督管理委员会。; 独家药品:  2014年1月,公司产品参麦注射液、参附注射液入选卫计委公布人感染H7N9禽流感诊疗方案用药。2013年4月,公司控股子公司雅安三九生产的参附注射液、参麦注射液被列入人感染H7N9禽流感诊疗方案(2013年第2版)。参附注射液为国家秘密保护品种,为国家医保甲类药品目录产品,卫生部2011年《手足口病诊疗指南》推荐用药。参麦注射液为《国家基本药物目录(2012版)》产品。2012年参附注射液、参麦注射液实现销售收入约7亿元,占公司营业收入10%。; 病毒防治: 2020年半年报显示公司主要产品包括:999感冒灵、999皮炎平、参附注射液、注射用头孢、免煎中药、三九胃泰颗粒、正天丸等。; 电商概念: 2021年4月7日回复称公司与京东大药房、阿里健康大药房等大型医药平台开展合作,分别在天猫、京东设立“999官方旗舰店”“999保健食品旗舰店”、“999营养健康旗舰店”,与京东到家、饿了么等平台开展离线商务(O2O)合作。; 婴童概念: 2021年8月2日回复称公司聚焦CHC健康消费品和Rx处方药业务领域,业务覆盖儿科品类产品,“999小儿感冒”“好娃娃”系列产品“澳诺葡萄糖酸钙锌口服溶液”等可用于儿童健康管理,且在相关品类具领先地位。; 中药概念: 2020年半年报显示公司产品覆盖心脑血管、肿瘤、消化系统、骨科、儿科等治疗领域,拥有参附注射液、理洫王牌血塞通软胶囊、华蟾素片剂及注射剂、益血生胶囊、金复康口服液、茵栀黄口服液等多个中药处方药品种。; 深圳特区: 公司注册地址位于深圳市龙华区观湖街道观澜高新园区观清路1号。",2025-04-29 20:14:29,2025-04-29 20:14:29
002210,飞马国际,A股,环保行业,2008-01-30,"统一大市场: 2021年半年报显示公司主营业务为供应链管理服务,主要服务包括国际采购执行、国际订单执行、精益物流、贸易执行(采购执行·销售执行)、塑化交易与综合供应链服务、标案执行、进出口通关服务、保税物流、大型及特种设备国际供应链管理服务。; 绿色电力: 2021年12月6日公告显示公司主要经营业务为“环保新能源+供应链服务”,其中:环保新能源的运营主体为子公司大同富乔垃圾焚烧发电有限公司。; 快递概念: 2020年半年报显示公司的综合物流服务,主要是国际物流服务、仓储配送服务以及进出口通关服务等。; 电商概念: 2024年9月7日公告显示，公司下属子公司深圳飞马大宗科技有限公司运营的电商平台为“飞马大宗”（http://www.dazong.com/）以及“飞马大厨”APP （ICP 备案号：粤 ICP 备 2024188875 号-3A）。; 物联网: 公司主营业务为供应链管理服务,主要服务包括国际采购执行、国际订单执行、精益物流(VMI·DC)、贸易执行(采购执行·销售执行)、塑化交易与综合供应链服务、标案执行、进出口通关服务、保税物流、大型及特种设备国际供应链管理服务。; 深圳特区: 公司注册地址位于深圳市南山区大新路198号马家龙创新大厦A栋601。; 节能环保: 2020年半年报显示公司环保新能源业务,主要与全国各地方政府合作开展循环经济示范产业园、静脉产业园区的投资、建设和运营,园区以垃圾发电等为龙头项目,带动污泥、污水、建筑垃圾等固废可再生资源处理与利用,形成再生资源利用、发电、供热、环保减排、反哺农业为一体的环保新能源产业。",2025-04-29 20:14:29,2025-04-29 20:14:29
000761,本钢板材,A股,钢铁行业,1998-01-15,"并购重组概念: 2024年9月20日发布重大资产置换暨关联交易的进展公告,拟与本溪钢铁进行资产置换,拟置入公司的资产为本溪钢铁(集团)矿业有限责任公司100%股权,拟置出公司的资产为上市公司除保留资产及负债外的全部资产及负债,拟置入资产与拟置出资产的差额由一方向另一方以现金方式补足。截至本公告披露日,本次交易方案需进一步论证和沟通协商,交易标的资产范围、交易价格等要素均未最终确定。待相关事项确定后,公司将再次召开董事会进行审议; 央国企改革: 最终控制人国务院国有资产监督管理委员会。",2025-04-29 20:14:29,2025-04-29 20:14:29
605196,华通线缆,A股,电网设备,2021-05-11,"中俄贸易概念: 2022年年报显示,子公司信达管缆有限公司注册地在俄罗斯,主要从事连续油管和管缆销售、连续油管设备销售、石油钻采技术服务。; 工业互联: 2022年年报显示,公司秉承“制造业+互联网”新模式应用,加速发展“制造业+互联网”新业态,持续推进信息化与工业化深度融合。完成了国家电网电工装备智慧物联平台(EIP)建设,已通过国网资格评审并完成网关部署。; 贬值受益: 2023年3月3日回复称,公司产品的境外销售主要以美元结算,汇率的波动会给公司带来一定的汇兑损益。; 太阳能: 2022年年报显示,公司主要产品中包括光伏电缆 。",2025-04-29 20:14:29,2025-04-29 20:14:29
300542,新晨科技,A股,软件开发,2016-09-20,"财税数字化: 2024年7月3日回复称,公司在财税库银数字化信息处理系统建设中拥有丰富的实施经验。; 低空经济: 2024年3月13日回复称,低空经济的快速发展,对低空空域服务保障和管理能力提出了新的更高要求,新晨科技根据国家《“十四五”全国空中交通管理发展规划》,着眼提升低空空域服务保障和管理能力,基于前期项目建设和业务技术积累,不断加大科研创新投入,按照“互联网+监管服务、互联网+审批”的系统建设思路,先行在低空空域监管和低空监视能力建设方面开展了大胆尝试和实践创新,为我国低空空域管理提供了多样化技术支撑手段,同时也为公司深化研究在低空行业整体布局奠定了夯实的技术能力和项目实施经验。; Web3.0: 2022年11月11日回复称公司对Web3.0底层相关的区块链、云计算、大数据、人工智能、元宇宙等核心技术积极布局和探索。; 信创: 公司覆盖军工、公安、媒体及大中型国有企事业单位等行业的专业信息化解决方案与服务的供应商;公司取得了《信息安全管理体系认证证书》与《信息技术服务管理体系认证证书》,证书的取得表明公司与计算机信息系统软件开发服务相关的信息安全管理活动和信息技术服务管理活动的综合实力获得高度认可。; 跨境支付: 2020年年报显示新晨科技国际结算及贸易融资系统是一套具有前瞻性、实用性、稳定性、先进性并且符合银行未来业务发展需要的、全方位的国际结算及贸易融资业务应用系统,通过实现银行国际结算及贸易融资业务的自动化,帮助银行降低风险,减少成本。系统能够提供与中国人民银行(人民币跨境支付等)、国家外汇管理局等监管机构的监管系统接口对接及外币支付系统数据接口,实现接口数据自动提取、提供数据合法性校验及关联报表一致性校验,自动发送数据及接收反馈信息。; 元宇宙概念: 2022年8月18日回复称新晨科技近年来在金融领域有大量的区块链落地应用实现,随着推动区块链产品和解决方案成熟度,重点布局数字版权和电子票据等相关NFT应用,基础全栈云的区块链整体解决方案,以及与大数据、隐私计算、元宇宙数字人、人工智能、边缘计算、物联网和新一代移动通讯技术等相结合的区块链解决方案,为高质量服务更多创新技术落地应用夯实基础。; NFT概念: 公司回复称公司拥有经过实践验证的自主知识产权区块链服务平台产品(BaaS平台)。具备链应用(DApp)的快速实施能力,以及原生链平台、链上数据存储、加密算法(含国密和国密CA)、共识算法等链相关基础技术能力。公司区块链研究技术中包含NFT方向,该技术可用于数字资产确权,公司将积极探索相关应用落地。; 鸿蒙概念: 2023年3月13日回复称公司为华为技术有限公司多产品金牌经销商。公司已在某客户手机客户端项目中,参与了鸿蒙系统的适配工作。; 华为概念: 2019年9月24日公司在互动易回复:公司为华为技术有限公司多产品金牌经销商,此认证可通过华为企业业务官网查询。; 百度概念: 公司通过百度智能云全面体验并接入文心一言的能力,成为百度文心一言(英文名:ERNIEBot)首批生态合作伙伴。; 军民融合: 2018年年报显示公司整合资源,重点投入核心的“金融科技”和“军民融合”两个市场领域。; 区块链: 2024年5月16日，公司董秘回应称，公司将积极把握低空经济的产业发展机遇，充分发挥在大数据、区块链、人工智能等方面的技术优势，通过构建低空支撑平台，实现低空监控、低空防务以及低空信息交换和管理等一系列低空应用，形成以空管业务为特色的核心产品，打造一批行业内的标杆项目。; 一带一路: 2023年3月22日回复称公司积极响应国家一带一路建设的号召,重视国际市场,2022年公司的子公司已在乌兹别克斯坦有业务落地。; 国产软件: 公司是集软件开发、系统集成和咨询与服务为一体的高新技术企业。公司以自主研发的核心技术平台—新晨交换平台为基础平台进一步开发出应用于银行,空管等领域的多种应用系统(平台),积累了丰富的经验和成熟的技术。; 网络安全: 公司一直重视网络安全建设,并已取得了《信息安全管理体系认证证书》与《信息技术服务管理体系认证证书》,公司与计算机信息系统软件开发服务相关的信息安全管理活动和信息技术服务管理活动的综合实力获得高度认可。; 大数据: 2021年7月12日回复称公司成功中标某研究所某系统基础软件及总体集成项目,实现了公司大数据产品在军工领域的突破。; 通用航空: 2020年8月19日定增预案提出研发低空飞行服务保障平台,为通用航空和无人机低空飞行提供服务。; 军工: 据2024-10-08互动平台回复，新晨科技是以金融科技为核心，覆盖空管、军工以及大中型国有企事业单位等行业的专业信息化解决方案与服务的供应商",2025-04-29 20:14:29,2025-04-29 20:14:29
300408,三环集团,A股,电子元件,2014-12-03,"被动元件: 2020年半年报显示公司主要从事电子陶瓷类电子元件及其基础材料的研发、生产和销售,主要包括通信部件、半导体部件、电子元件及材料、压缩机部件、新材料等的生产和研发,公司多层片式陶瓷电容器、陶瓷基片市场需求逐步回暖。; MLCC: 2020年半年报显示公司主要从事电子陶瓷类电子元件及其基础材料的研发、生产和销售,主要包括通信部件、半导体部件、电子元件及材料、压缩机部件、新材料等的生产和研发,公司多层片式陶瓷电容器、陶瓷基片市场需求逐步回暖。; 华为概念: 2019年9月25日回复称公司指纹识别系统用功能陶瓷片产品已进入华为供应链。; 小米概念: 小米MIX2手机陶瓷外观核心供应商; 5G概念: 2020年6月6日回复称公司的通信部件产品应用于5G通讯基站,并将受益于5G领域的投资与建设。; 燃料电池: 公司主要从事电子陶瓷类电子元件及新材料的研发、生产和销售,主要包括通信部件、半导体部件、电子元件材料、电子元件、压缩机部件、燃料电池部件、新材料等的生产和研发。; 智能穿戴: 2017年2月公告,2月14日公司与长盈精密签署了《关于合作成立合资公司的框架协议》。为开发陶瓷新材料应用,发展智能终端和智能穿戴产品陶瓷外观件及模组,更好地发挥长盈精密在精密制造、智能制造和客户资源方面的优势,双方拟合作成立合资公司。; 新材料: 电子陶瓷材料",2025-04-29 20:14:29,2025-04-29 20:14:29
600844,丹化科技,A股,化学原料,1994-03-11,"股权转让: 丹化科技公告,经公开征集,2023年11月22日,控股股东丹化集团与丹阳市金睿泓吉企业管理有限责任公司签订了《股份转让协议》,丹化集团向金睿泓吉转让其持有的公司15,250万股非限售流通A股股份(占公司总股本15.0021%),转让价款为49,257.50万元。本次股份转让完成后公司控股股东将变更为丹阳市金睿泓吉企业管理有限责任公司,实际控制人将变更为于泽国。; 降解塑料: 2020年7月28日回复称公司生产聚乙醇酸为生物可降解材料,可以用于可降解塑料。; 西部大开发: 注册地址是内蒙古自治区呼和浩特市敕勒川大街东方君座A座15楼。; 煤化工: 2019年年报显示公司目前在内蒙古通辽地区建立了煤炭等原材料采购管理体系,在煤气化、合成气净化分离、铜系催化剂研发生产等煤化工产业领域储备了一定的技术、人才和经验。",2025-04-29 20:14:29,2025-04-29 20:14:29
301187,欧圣电气,A股,家电行业,2022-04-22,"首发经济: 2024年12月24日回复称,公司拥有行业内领先的研发能力,研发实验室已成为获得Intertek认可的卫星实验室,是世界知名零售商The Home Depot的认可实验室并且公司获得了Lowe’s颁发的“最佳供应商奖”和“最佳创新奖”。公司每年都会创新性的研发设计数十个新型号的小型空压机和干湿两用吸尘器产品。同时公司是国内最早研发生产护理机器人的企业之一,经过10多年的持续研发和技术积累,目前护理机器人产品已升级至第五代,处于国内领先地位。另外,公司今年三季度新开发的抛雪机和充气泵等新品类一经推出就受到市场的欢迎,并快速起量,标志着公司已进入气动工具和OPE产品市场,因此公司的业务及产品在一定程度上符合“首发经济”的模式。; 冰雪经济: 2024年12月12日回复称,公司已有抛雪机和暖风机产品,抛雪机设备可以在冬季帮助人们快速清理道路、人行道、停车场和其他大型开放区域的积雪,确保交通畅通和安全。在寒冷的季节,暖风机可以迅速提高室内温度,为用户提供温暖。; 跨境电商: 2022年5月11日回复称公司在亚马逊平台销售的主要产品有吸尘器、空压机、空气净化器、暖风机、工业风扇、吹地机等。; 机器人概念: 2022年4月25日回复称公司的护理机器人已实现小批量量产。; 贬值受益: 2022年4月15日招股书显示公司境外收入占比大于50%。; 电商概念: 2024年11月29日回复称,苏州逸枫的主营业务为电子商务,主营产品包括智能清洁电器、空气动力设备、户外动力设备、园林工具等,其中包括使用无线锂电池的产品。; 养老概念: 2024年11月19日回复称,公司的智能护理机器人已经量产,目前已经升级到第五代产品,主要客户包括养老院、护理院、康养中心、照护中心、医疗器械或医疗设备经销商、老年护理产品采购公司及大型医院等,也有不少家庭用户。; 智能穿戴: 2024年3月11日回复称,公司目前的护理机器人产品是一种智能化可穿戴设备。",2025-04-29 20:14:29,2025-04-29 20:14:29
002762,*ST金比,A股,纺织服装,2015-06-10,"托育服务: 据2021-11-30互动平台回复，公司基于“产品+服务+互联网”的发展战略，开辟医疗美容、妇产、母婴护理、托育等新业务，不断满足宝妈群体对产品及服务的消费升级需求，打造有影响力的拉比母婴协同生态圈，引领母婴新生活！; 毛发医疗: 2021年5月19日回复称公司旗下韩妃投资部分医院有植发业务。; 消毒剂: 2020年半年报显示公司基于内部研发能力和长期的技术、经验等积累,快速开发出了金银花免洗净手液、净手泡泡(免洗型)、消毒喷雾等系列消毒灭菌产品,并通过各种渠道投放市场。; 医疗美容: 2021年4月2日公告显示公司为加快在医疗美容领域的发展,进一步加强产融结合,实施公司战略布局,公司拟与深圳嘉禾资产管理有限公司、黄招标共同投资设立医美产业基金共青城嘉美股权投资合伙企业(有限合伙)。; 新零售: 2020年半年报显示在新零售模式下,公司已形成了""线下自营网络、线下加盟网络、洗护产品经销网络、主流电商平台旗舰店、微信小程序店铺及其它""的全渠道营销模式。; 网红经济: 2020年6月20日回复称公司新建的两个直播间及原有的一个直播间均已投入使用,正自行培育直播业务,同时也寻找合适母婴产品的网红合作。; 婴童概念: 公司主营婴幼儿消费品的设计研发、生产、销售。",2025-04-29 20:14:29,2025-04-29 20:14:29
002334,英威腾,A股,专用设备,2010-01-13,"新型工业化: 公司专注于工业自动化和能源电力两大领域,向用户提供最有价值的产品和解决方案,主要产品涵括工业物联网解决方案、控制器、变频器、伺服系统等。; 液冷概念: 2025年3月4日回复称,冰芯液冷系统是公司为满足客户对高效液冷解决方案的需求而打造的算力基础设施绿色升级产品,当前已上市并进入商业化推广。; PLC概念: 2022年11月24日回复称公司拥有在国内内资品牌中领先的研发能力和综合技术水平,掌握变频器、PLC、伺服系统等产品核心技术。; 机器人概念: 2025年4月18日2024年度网上业绩说明会投资者关系活动记录表显示，公司的DA系列伺服产品已在机器人领域应用。DA200 系列用于智能物流搬运机器人的精准运动控制，以及汽车换电站机械臂的高效作业。DA180系列助力SCARA 机器人提升编程效率，契合包装等场景需求。此外，DA300系列也应用在其他多种机器人场景中，提供高响应、高精度支持。; 储能: 2021年5月20日回复称公司iMarsBD系列储能产品分为储能逆变器、储能一体机、储能交流耦合逆变器、储能变流器,该系列产品可广泛应用于户用储能、工商业储能、小型微网系统等各种场合。; 换电概念: 2020年9月11日回复称公司能够为换电站提供充电模块,提供换电站内换电运营,为换电模式提供支撑。; 碳交易: 2020年半年报显示公司旗下有深圳市英威腾能源管理有限公司,在行业中首家拥有“节能碳监测在线系统”,专业从事降低碳密度、碳排放监测、碳排量交易。; 数据中心: 2020年3月20日公司在互动平台称:英威腾模块化数据中心基础设施解决方案集成了机柜、供配电、制冷、监控和布线等所有子系统,支持单机柜、单排机柜、双排机柜封闭冷通道的灵活部署方式。; 半导体概念: 2020年9月24日回复称公司全资子公司英创盈投资比亚迪半导体,英创盈持有比亚迪半导体0.1471%的股权。; 氢能源: 2021年12月23日回复称氢燃料电池汽车是把氢燃料通过氢堆反应转换为电能,再驱动电机实现汽车驱动控制,公司针对氢堆,布局了升压DC、降压DC、氢泵控制器、高速空压机驱动器等产品。; 工业互联: 主要产品涵括工业物联网解决方案、控制器、变频器、伺服系统、新能源汽车动力总成系统、主电机控制器、辅助电机控制器、驱动电机、车载充电电源、充电桩、数据中心基础设施、光伏发电、电能治理、城市轨道交通牵引系统、工程车牵引系统、矿用车牵引系统、列车空调控制器等。; 新能源车: 新能源汽车业务,公司2016年重点进行客车和物流车产品开发及应用,物流车产品已在国内主流物流车厂大批量应用,客车主控产品得到行业标杆主机厂和系统集成商客户认可并批量应用,辅控产品大批量出货。; 充电桩: 公司成立了深圳市英威腾电动汽车充电技术有限公司,完成了从新能源商用车,乘用车到交、直流充电桩一系列充电产品市场布局,主要进行了商用车车载产品的研发和小批量生产。; 燃料电池: 2019年6月28日回复称针对氢燃料电池车公司围绕电控系统已经有相应的产品布局,如大功率DC电源、高速电机控制、主控制器、辅助控制器等,已基本具备氢燃料电池车的电控系统整体解决方案的能力。; 太阳能: 2020年9月15日回复称公司光伏逆变器能应用于太阳能屋顶,英威腾光伏公司有发明专利和实用新型专利。; 云计算: 2025年2月14日回复称公司网络能源产品适配数据中心、云计算、智能制造、金融、电力、市政、医疗、教育等多领域。; 稀土永磁: 2020年6月5日回复称宁波君纬主营特种稀土永磁电机及其控制系统研发与生产,主要与公司伺服作配套使用,为公司合并范围间接控股子公司,间接持股比例为72.3%。; 物联网: 2020年5月12日回复称公司英威腾工业物联网系统包括云平台、应用系统及数据采集硬件,为行业用户提供基于移动互联网云的工业物联网一站式解决方案。; 深圳特区: 公司注册地址位于深圳市南山区桃源街道长源社区学苑大道南山智园A7栋501。",2025-04-29 20:14:29,2025-04-29 20:14:29
603518,锦泓集团,A股,纺织服装,2014-12-03,"电商概念: 2020年年报显示在线上渠道方面,公司旗下各品牌通过进驻天猫、唯品会、小红书等电商平台进行销售。; 婴童概念: 2020年1月17日回复称,司目前旗下品牌有TEENIEWEENIE童装。",2025-04-29 20:14:29,2025-04-29 20:14:29
300721,怡达股份,A股,化学制品,2017-11-15,"环氧丙烷: 2021年9月15日回复称全资子公司泰兴怡达年产15万吨环氧丙烷项目已建成,公司实现产业链向上游延伸,形成从原材料环氧丙烷到醇醚及醇醚酯系列产品的完整产业链。; 光刻机(胶): 2019年7月17日互动平台回复称公司不生产销售氟聚酰亚胺、光刻胶、高纯度氟化氢产品。公司产品可用于光刻胶领域。; 新能源车: 2024年4月25日回复称,我公司生产的机动车制动液产品和原料已被用于新能源汽车。; 国产芯片: 2024年5月17日回复称,公司部分湿电子化学品(电子级PM、电子级PMA等)可应用于芯片基材领域。; OLED: 2020年1月20日回复称公司产品可用于生产光刻胶和AMOLED的基材。; 锂电池: 2024年5月17日回复称,我公司控股子公司泰兴怡达生产的环氧丙烷产品可用于生产锂电池领域的电解液。",2025-04-29 20:14:29,2025-04-29 20:14:29
000786,北新建材,A股,装修建材,1997-06-06,"装配建筑: 2019年5月16日回复称公司积极推进墙体改革,发展装配式建筑,加强推广多层板式复合墙体,推动住宅等领域从使用砖头砌块墙体向使用石膏板复合墙体转变,并推动外装和内装装配化。; 雄安新区: 北新建材8月18日在投资者互动上表示,公司将尽全力为雄安建设和冬奥会场馆建设提供最优质的建材产品和全方位的供应服务。; 央国企改革: 公司最终控制人国务院国有资产监督管理委员会持有公司股票比例为19.94%。; 新材料:  2014年3月,公司拟以不低于14.11元/股定增不超过1.5亿股(其中,控股股东中国建材拟以不超过3亿元现金认购不超过2126万股),募资总额不超过21.2亿元,用于以下项目:建材基地建设项目、结构钢骨建设项目、研发中心建设项目(一期)、平台建设项目、偿还银行贷款。募资投资项目的实施将进一步扩大公司的主导产品石膏板生产规模并且开拓集节能、环保、安全于一体的新型建筑材料部品。其中前两个项目的预计税后内部收益率在15%-21%区间。; 新能源: 公司生产的纸面石膏板、矿棉吸声板、岩棉制品等新型建材产品,具有生产过程和使用过程中节能、节水、节地、节材、资源综合利用和保护环境等特点,全部是节能环保的绿色产品。",2025-04-29 20:14:29,2025-04-29 20:14:29
000037,深南电A,A股,电力行业,1994-07-01,"储能: 2022年6月14日回复称深圳南山热电股份有限公司及控股子公司深南电(中山)电力有限公司于近日分别获得深圳市南山区发展和改革局出具的《深圳市社会投资项目备案证》和中山市发展和改革局出具的《广东省企业投资项目备案证》,同意深南电南山热电厂退役设备技改升级独立储能示范一期项目及中山市翠亨新区300MW/600MWh独立储能电站(一期项目)的备案。; 核能核电: 2020年半年报显示公司旗下有江西核电有限公司。; 深圳特区: 公司注册地址位于广东省深圳市南山区月亮湾大道2097号。",2025-04-29 20:14:29,2025-04-29 20:14:29
301525,儒竞科技,A股,通用设备,2023-08-30,"新型工业化: 公司是专业的变频节能与智能控制综合方案提供商,旗下全资子公司儒竞自控专注发展工业伺服驱动及控制系统领域业务,产品在工业机器人、电子制造、物流、包装机械、印刷、锂电新能源等细分行业已实现批量销售。; 机器人概念: 2023年8月11日招股说明书显示,公司工业伺服驱动及控制系统领域主要产品为伺服驱动器,作为伺服系统控制部件,具备控制模式齐全、指令方式高效、定位精度较高等技术创新特性。; 汽车热管理: 2023年8月11日招股说明书显示,公司新能源汽车热管理系统领域的主要产品为新能源汽车电动压缩机变频驱动器,作为驱动新能源汽车电动压缩机的核心电子部件,具备产品规格种类全、功率调节能力强、制热/制冷速度快、有效抑制振动/噪音,提供故障诊断/远程更新等技术创新特性。; 新能源车: 2023年8月11日招股说明书显示,公司新能源汽车热管理系统领域的主要产品为新能源汽车电动压缩机变频驱动器,作为驱动新能源汽车电动压缩机的核心电子部件,具备产品规格种类全、功率调节能力强、制热/制冷速度快、有效抑制振动/噪音,提供故障诊断/远程更新等技术创新特性。",2025-04-29 20:14:29,2025-04-29 20:14:29
301529,福赛科技,A股,汽车零部件,2023-09-11,"新能源车: 2023年8月21日招股书显示,受益于新能源汽车的快速增长,新泉股份、马瑞利、比亚迪、延锋汽饰等客户的新能源汽车相关产品订单相应增加,T 公司、比亚迪、埃安等终端客户的新能源汽车项目持续上量;同时,受益于公司的全球布局,墨西哥福赛产销规模上升,公司外销收入进一步增长。; 5G概念: 2023年9月4日招股书显示,公司积极开拓在嵌件领域的市场,可应用于新能源汽车和  5G  基站的电流传感器组件、新能源汽车  IGBT  控制模块组件以及冷却系统水泵嵌件已达量产阶段。",2025-04-29 20:14:29,2025-04-29 20:14:29
301026,浩通科技,A股,小金属,2021-07-16,"汽车拆解: 2021年8月26日公告显示公司经营范围包括报废机动车及电子产品的回收、拆解及拆解物品的销售。; 垃圾分类: 2021年6月25日招股书显示公司主营业务为贵金属回收及相关产品的研发、生产、销售和服务。贵金属回收是指从含贵金属废催化剂等二次资源中回收铂、钯、铑、银等贵金属及其他有经济效益的产品。; 小金属概念: 2021年6月25日招股书显示公司的贵金属回收业务是指从含贵金属废催化剂等二次资源中回收铂、钯、铑、银等贵金属及其他有经济效益的产品。; 新材料: 2021年6月25日招股书显示公司的新材料业务是贵金属回收业务的延伸和拓展,将贵金属等进一步加工为新材料,比如二氯四氨铂、二氯二氨钯、高纯铼酸铵等。; 节能环保: 2021年6月25日招股书显示公司主营业务为贵金属回收及相关产品的研发、生产、销售和服务。公司是江苏省科技厅等部门联合认定的高新技术企业,是国家知识产权局认定的国家知识产权优势企业,是江苏省首批循环经济试点单位。",2025-04-29 20:14:29,2025-04-29 20:14:29
603968,醋化股份,A股,化学制品,2015-05-18,代糖概念: 2020年7月9日回复称公司安赛蜜项目目前已按计划在施工中。,2025-04-29 20:14:29,2025-04-29 20:14:29
300807,天迈科技,A股,计算机设备,2019-12-19,"ERP概念: 2023年03月01日回复称公司主营业务是基于车联网等技术,为城市公共交通提供整体解决方案,研发有智能调度、卫星定位、公交ERP、大数据决策分析等产品,助力公交企业实现运营和管理的数字化。; 电子后视镜: 2021年03月02日回复称公司开发的“电子后视镜盲区监测系统”,是基于光学图像处理、流媒体技术、视频存储、CAN数据传输等技术于一体的新型车载产品,可以实现前方盲区监测、两侧盲区监测预警、倒车盲区监测,对车身四周的盲区实现全覆盖。; EDR概念: 2021年11月26日回复称公司针对“两客一危”和货运车辆自主研发的TM9003汽车行驶记录仪是专为音视频监控、智能行车记录和无线数据传输开发的设备,可实现视频录像、汽车行驶信息记录和无线数据上传,同时配合中心软件可实现中央监控、远程管理及行驶状态数据分析,采集记录车辆行驶状态信息,实现对车辆及驾驶员状态的实时监督,同时通过对行驶数据的读取和分析,可以为交通管理职能部门处理交通事故提供依据。; 数据中心: 2020年11月13日回复称公司拥有自己建设的云计算大数据中心,为各地中小公交企业提供云平台服务,同时也为各地公交企业建设自己的私有云数据中心,输出天迈科技技术为公交客户提供强有力的支持和服务。; 冷链物流: 2021年12月17日回复称公司与凯雪冷链共同投资设立了郑州冷智电子电子科技有限公司,合作开发智慧冷链业务。; 百度概念: 2020年5月8日,公司公告称郑州天迈科技股份有限公司与北京百度网讯科技有限公司共同签署了《合作框架协议》。双方充分共享各自的优势资源,以增强双方的市场竞争力与行业竞争力,实现信息化与工业化的高度融合。; 工业互联: 2020年9月30日回复称公司的“车辆能源管理工业互联网平台”是基于车辆电子设备及配套设施领域全产业链、全价值链、全产品生命周期数据的互联互通,搭建车辆能源管理工业互联网平台。; 雄安新区: 2021年5月24日回复称公司中标的“基于国网产业融入的雄安新区电力特色街区改造课题策略研究技术服务项目”,主要服务内容是根据雄安新区城市总体规划、组团及片区规划和产业布局,编制基于国网产业融入的雄安新区电力特色街区改造方案。; 车联网(车路云): 2020年10月21日回复称公司主营业务为基于车联网技术为城市公交运营、管理及服务提供综合解决方案。; 新能源车: 2020年6月16日回复称公司目前关于新能源车辆的产品主要为新能源车的远程监控和故障诊断系统、充电桩及充电运营监控系统,公司可以为新能源车提供远程监控管理和充电服务。; 无人驾驶: 2020年12月3日招股书显示公司运用无人驾驶领域的最新成果,成功开发了营运车辆主动安全辅助驾驶系统,通过雷达、摄像头等传感器设备感知周围环境、监测行驶状态和司机的驾驶状态,提醒驾驶员注意行车安全、避免发生事故。; 人工智能: 2023年2月23日回复称公司智能驾驶相关产品侧重于公交的场景化应用,主要产品包括基于视觉和毫米波雷达的智能识别产品、基于V2X的车路协同产品、驾驶员行为分析系统及辅助刹车系统等。; 充电桩: 河南省发改委公示的首批充电设施运营商名单共有9家企业,其中之一就是天迈科技。; 大数据: 2020年7月27日回复称公司多年来专注于智慧交通和新能源智慧充电领域,在车联网、大数据、公交融合支付和新能源充电等方面积累了丰富的经验和技术。; 北斗导航: 2023年9月5日回复称,精确定位是实现高性能车载智能调度服务终端各项功能的重要前提,卫星定位导航技术是公司产品使用的核心技术之一。公司拥有北斗精确定位导航系列算法,实现了对公交车辆的精确实时定位,为公交运营企业准确了解车辆运营情况、优化运营组织、实现资源最大利用提供帮助,曾荣获“卫星导航定位科技进步奖三等奖”。; 智慧城市: 公司主营业务为基于车联网技术为城市公交运营、管理及服务提供综合解决方案。; 云计算: 2020年8月26日回复称公司云平台采用openstack技术,选用Easystack+XKSY产品,搭建易扩展、易使用、高性能、高可靠的云环境;RBDProxy是XSKY对接云平台的技术特性,用于云平台与XSKY对接实现线程收敛,降低资源开销,实现性能提升。; 移动支付: 2022年8月22日回复称公司长期以来为公交企业提供公交收银解决方案,构建了一整套完善的一卡通生态系统,可支持IC卡、二维码、银联云闪付、以及人脸支付等多种支付方式,满足乘客多样化支付与便捷出行的需求,降低企业收银工作中的人力成本,提高城市公共交通服务水平。",2025-04-29 20:14:29,2025-04-29 20:14:29
600973,宝胜股份,A股,电网设备,2004-08-02,"铜缆高速连接: 公司官网信息,公司产品SFP56 50G高速线缆适用于数据中心、高性能计算等高速通信场所,实现服务器与交换机、交换机与交换机之间高速率数据传输。; 低空经济: 2024年4月10日官微消息,作为低空经济最重要的载体之一,eVTOL成为航空科技发展的新热点。宝胜股份及其旗下沈阳沈飞线束科技作为航空电线电缆及电气线路互联系统(EWIS)领域集成解决方案厂商,大力布局低空经济产业。; 飞行汽车(eVTOL): 2024年4月10日官微消息,作为低空经济最重要的载体之一,eVTOL成为航空科技发展的新热点。宝胜股份及其旗下沈阳沈飞线束科技作为航空电线电缆及电气线路互联系统(EWIS)领域集成解决方案厂商,大力布局低空经济产业。; 大飞机: 宝胜股份成功开发航空电缆,或成为C919大飞机供应商,不同于普通电缆,航空电缆耐高温要求很高。目前,国内还没有企业能够生产出具有自主知识产权的航空电缆,刚下线的C919大飞机所用的航空电缆也是由国外供应商提供的。; 央国企改革: 最终控股股东为国务院国有资产监督管理委员会。; 超导概念: 公司的TF、PF低温超导电缆短样已经通过检测和论证,完成TF780米dummy 电缆生产,并通过论证和交付;PF910米dummy电缆正在生产;MB低温超导电缆完成工艺研究和试制,超导短样生产合同已经签订。超导电缆项目完成了6台低温超导电缆主要设备的安装和调试,并与西北有色金属研究院签定合作开发高温超导材料的制备技术协议。; 特斯拉: 2020年2月24日回复称公司全资子公司东莞日新传导研发的耐温线缆产品获得了特斯拉的认可和配套使用,也成为特斯拉公司该款产品唯一的量产供应商。; 铁路基建: 公司是国内最大的综合性电缆生产商,产品包括 200 多个品种、 22000 多个规格的裸铜线、电气装备用电缆、电力电缆、网络电缆、铁路信号电缆、矿物绝缘电缆、橡胶电缆、分支电缆等各种系列电线电缆。; 太阳能: 2020年年报显示子公司宝利鑫新能源开发有限公司以光伏电站开发运营和合同能源管理服务为核心业务。; 智能电网: 公司是集科研、设计、制造、销售于一体的大型电线电缆专业生产企业,是我国电线电缆行业发展最快的企业之一,产品覆盖到除光缆以外的电线电缆各个领域,含裸导体、电气装备用电缆、电力电缆、通信电缆等四大类别,专业生产180多个品种22000多个规格的产品,形成了系列化、规模化、成套化的产品群体,具备了为国内外各级重点工程提供全面、全方位服务的能力。公司2013年度计划实现营业收入105亿,材料成本90亿。; 核能核电: 2019年年报显示公司“核电站用和缓环境下1E级K3类电缆”被评为国际先进水平产品。",2025-04-29 20:14:29,2025-04-29 20:14:29
300054,鼎龙股份,A股,电子化学品,2010-02-11,"中芯概念: 2021年5月17日回复称公司抛光垫产品已通过长江存储、武汉新芯、中芯国际、合肥长鑫、华虹宏力、华力、士兰微、广州粤芯等国内主流晶圆厂的认证。; 柔性屏(折叠屏): 2019年1月19日回复称,公司PI浆料应用于柔性显示行业,其中以曲面手机和折叠屏手机应用为主。; 半导体概念: 集成电路芯片设计与制程工艺材料和数字图文快印与云打印业务板块是公司近年重点布局和发展的业务领域。; 光刻机(胶): 2023年3月13日回复称公司主要布局有显示用光刻胶(PSPI)和封装光刻胶(PSPI)产品。半导体光刻胶有较高的技术壁垒,目前主要产品为海外供应商垄断,国内客户采购以进口为主,目前下游客户对进口替代及供应链安全需求非常迫切。目前公司显示用光刻胶(PSPI)已经通过国内主流显示客户验证,正在逐步放量。公司封装用光刻胶(PSPI),在显示用PSPI的技术平台基础上,吸收了PI合成及产业化方面的技术经验,目前已经开始客户送样测试工作。; 国产芯片: 集成电路芯片设计与制程工艺材料和数字图文快印与云打印业务板块是公司近年重点布局和发展的业务领域。; OLED: 2020年6月5日回复称公司产品柔性显示基材PI浆料是成为柔性OLED显示面板的关键制程材料之一,适用于折叠手机。",2025-04-29 20:14:29,2025-04-29 20:14:29
301038,深水规院,A股,工程建设,2021-08-04,"新型城镇化: 2021年年报显示公司主营业务是为水务建设工程及其配套工程提供勘测设计、规划咨询、项目运管等专业技术服务。公司以“水”为核心,围绕水资源、水安全、水环境三个方向,致力于系统解决城市水问题,核心业务是面向水利和市政给排水建设工程领域的勘测设计。; 地下管网: 2021年半年报显示公司承接深圳龙华、坪山、光明等原特区外待完善的管网工程设计,在解决提升城市排水能力时,借鉴香港、新加坡的经验,采取深层隧道的思路,承担了南山、前海深隧排水工程设计,探索了新的市政管网设计思维,摈弃了传统管网过度依赖路网的思维,探索并实践了管网协同水网。; 抽水蓄能: 2022年7月22日回复称目前公司新能源产业集中在生态储能方向的抽水蓄能业务。; 海绵城市: 2021年7月9日招股书显示公司基于“海绵城市”的概念,构建了“分区设防、雨洪分治、立体排水、智慧管控”的规划体系。公司设计完成的宝安区沙井片区排涝工程、桥头片区排涝工程、坝光片区防洪(潮)排洪、围海造地工程等城市防洪工程为片区防灾提供了安全保障。; 央国企改革: 公司的实际控制人为深圳市人民政府国有资产监督管理委员会。; 粤港自贸: 公司注册地址位于深圳市龙华区民治街道龙塘社区星河传奇花园三期商厦1栋C座1110。; 水利建设: 2021年7月9日招股书显示公司项目运管业务是指基于水利建设领域一体化咨询的技术优势,为客户提供项目管理及运行维护等服务,主要包括水环境治理设计运营一体化业务、项目管理类业务、河道管养类业务、监测类业务四类。; 深圳特区: 公司注册地址位于深圳市龙华区民治街道龙塘社区星河传奇花园三期商厦1栋C座1110。",2025-04-29 20:14:29,2025-04-29 20:14:29
603979,金诚信,A股,采掘行业,2015-06-30,"磷化工: 2020年年报显示公司已拥有贵州两岔河磷矿采矿权。; 一带一路: 近20年海外业务发展,已涉足非洲(刚果、赞比亚)、塞尔维亚、印尼; 黄金概念: 投资哥伦比亚铜金银矿山资源; 化工原料: 收购贵州两岔河磷矿资源",2025-04-29 20:14:29,2025-04-29 20:14:29
